{
    "cash": 9700.0,
    "stocks": [
        {
            "ticker": "NVDA",
            "shares": 14,
            "avg_price": 120.0,
            "current_price": 109.67,
            "value": 1535.38,
            "sentiment": "\u6a2a\u76d8\u9707\u8361",
            "profit_loss": -144.61999999999998,
            "profit_loss_percent": -8.608333333333333,
            "kelly_position": 16.666666666666664,
            "ma_position": 0,
            "position_advice": "",
            "daily_change": -1.5794669299111594
        },
        {
            "ticker": "SPY",
            "shares": 10,
            "avg_price": 590.0,
            "current_price": 555.66,
            "value": 5556.599999999999,
            "sentiment": "\u6a2a\u76d8\u9707\u8361",
            "profit_loss": 0,
            "profit_loss_percent": 0,
            "kelly_position": 16.666666666666664,
            "ma_position": 0,
            "position_advice": "\u51ef\u5229\u516c\u5f0f\u5efa\u8bae\u4ed3\u4f4d: 16.7%, \u5747\u7ebf\u5efa\u8bae\u4ed3\u4f4d: 0.0%\n\u98ce\u9669\u63a7\u5236: \u8dcc\u7834\u4e70\u5165\u4ef73%\uff08\u6b62\u635f\u673a\u5236\uff09, \u5efa\u8bae\u6e05\u4ed3 100%\n\u8b66\u544a: \u5355\u80a1\u4ed3\u4f4d\u8d85\u8fc725%\uff0c\u5efa\u8bae\u5206\u6563\u6295\u8d44\n",
            "daily_change": 0
        },
        {
            "ticker": "GOOG",
            "shares": 10,
            "avg_price": 190.0,
            "current_price": 156.06,
            "value": 1560.6,
            "sentiment": "\u6a2a\u76d8\u9707\u8361",
            "profit_loss": 0,
            "profit_loss_percent": 0,
            "kelly_position": 16.666666666666664,
            "ma_position": 0,
            "position_advice": "\u51ef\u5229\u516c\u5f0f\u5efa\u8bae\u4ed3\u4f4d: 16.7%, \u5747\u7ebf\u5efa\u8bae\u4ed3\u4f4d: 0.0%\n\u98ce\u9669\u63a7\u5236: \u8dcc\u7834\u4e70\u5165\u4ef73%\uff08\u6b62\u635f\u673a\u5236\uff09, \u5efa\u8bae\u6e05\u4ed3 100%\n",
            "daily_change": 0
        }
    ],
    "total_value": 18352.58
}